keyword_id;keyword_name
4690;sleep
4691;deprivation
4692;cognitive function
4693;attention
4694;working
4695;memory
4696;decision making
4697;performance
4698;exercise
4699;chronic pain
46910;pain
46911;perception
46912;physical function
46913;arthritis
46914;fibromyalgia
46915;social media
46916;adolescent
46917;mental health
46918;anxiety
46919;depression
46920;excessive use
46921;machine learning algorithm
46922;heart disease
46923;prediction
46924;patient characteristics
46925;medical history
46926;greenhouse
46927;gas emissions
46928;urban transportation
46929;cars
46930;buses
46931;trains
46932;alternative modes policies
46933;climate change
46934;coral reefs
46935;warming
46936;waters
46937;ocean acidification
46938;biodiversity
46939;microbes
46940;soil
46941;health nutrient cycling
46942;structure
46943;plant growth
46944;water filtration
46945;rural communities
46946;low-cost
46947;locally available materials
46948;simple technology
46949;meditation
46950;stress
46951;symptoms
46952;wellbeing
46953;social support
46954;substance use
46955;disorders recovery
46956;family support
46957;community support
46958;sustainable packaging
46959;food delivery
46960;services
46961;environmental impact
46962;usability materials
46963;genetics
46964;autism
46965;spectrum disorders
46966;genetic markers
46967;diagnosis treatment
46968;pain management
46969;medication
46970;physical therapy
46971;psychological interventions
46972;pain conditions
46973;air pollution
46974;human health
46975;particulate matter
46976;ozone
46977;respiratory system
46978;cardiovascular system
46979;economic costs
46980;renewable energy
46981;rural electrification
46982;solar power
46983;wind power
46984;hydroelectric power
46985;developing countries
46986;technical feasibility
46987;economic feasibility
46988;artificial intelligence
46989;healthcare diagnosis
46990;treatment outcomes
46991;ethical considerations
46992;sleep deprivation
46993;cognitive performance
46994;attention memory
46995;decision-making
46996;long-term consequences
46997;physical activity
46998;mood
46999;treatment
469100;mobile app
469101;remote patient monitoring
469102;features functionalities
469103;patient outcomes
469104;healthcare costs
469105;body image
469106;eating behaviors
469107;exposure
469108;idealized images
469109;self-esteem
469110;positive body image
469111;microbiota
469112;sleep apnea
469113;alzheimer's disease
469114;nutrition
469115;osteoarthritis
469116;telemedicine
469117;yoga
469118;vitamin d
469119;copd
469120;mindfulness
469121;genetic testing
469122;virtual reality
469123;augmented reality
469124;gut microbiota
469125;autoimmune diseases
469126;microbial dysbiosis disease
469127;pathogenesis
469128;microbiome-targeted therapies
469129;online education
469130;academic achievement
469131;student engagement
469132;teacher workload
469133;educational inequality
469134;rising temperatures
469135;precipitation patterns
469136;habitat loss
469137;plant and animal populations
469138;conservation strategies
469139;predictive model
469140;credit risk assessment
469141;model training
469142;loan approval
469143;accuracy default rates
469144;health outcomes
469145;older adults
469146;social isolation
469147;loneliness
469148;physical health
469149;quality of life
469150;blockchain
469151;supply chain
469152;management transparency
469153;security efficiency implementation
469154;culture
469155;cross-cultural communication
469156;international business
469157;cultural dimensions
469158;communication styles
469159;communication strategies
469160;cultural intelligence training
469161;genome editing
469162;agricultural biotechnology
469163;disease-resistant
469164;crops
469165;nutritional value
469166;music therapy
469167;physiological mechanisms
469168;adjunctive therapy
469169;ph levels
469170;coral calcification
469171;coral growth
469172;coral survival
469173;adaptation management strategies
469174;cybersecurity
469175;machine learning algorithms
469176;threat detection
469177;threat response
469178;implementation challenges
469179;security systems
469180;cognitive behavioral
469181;therapy anxiety disorders
469182;mechanisms of action
469183;symptom severity
469184;sleep memory consolidation
469185;different stages of sleep
469186;memory processing
469187;sleep interventions
469188;memory impairments
469189;advertising
469190;consumer behavior
469191;advertising strategies
469192;consumer attitudes
469193;consumer perceptions
469194;purchase intentions
469195;advertising regulation
469196;vulnerable consumers
469197;respiratory health
469198;air quality interventions
469199;respiratory diseases
469200;micrornas cancer
469201;progression mirna
469202;dysregulation cell
469203;proliferation invasion
469204;metastasis
469205;mirna-based therapies
469206;cancer treatment
469207;corporate social responsibility
469208;business performance
469209;csr activities
469210;financial performance
469211;employee satisfaction
469212;customer loyalty
469213;brand reputation
469214;long-term sustainability
469215;cognitive functioning
469216;older adults exercise
469217;brain structure
469218;brain function
469219;physical activity interventions
469220;aging populations
469221;3d printing architecture
469222;additive manufacturing
469223;building construction
469224;construction processes
469225;global food security
469226;weather patterns
469227;crop yields
469228;food availability
469229;adaptation strategies
469230;mitigation strategies
469231;vulnerable populations
469232;mindfulness-based interventions
469233;stress reduction
469234;stress-related disorders
469235;genetic variations
469236;genetic risk factors
469237;personalized medicine
469238;prevention treatment
469239;social media use mood
469240;social media literacy regulation
469241;healthy behaviors
469242;early childhood education
469243;cognitive benefits
469244;social benefits
469245;ece interventions
469246;achievement gaps
469247;disadvantaged populations
469248;customer churn
469249;telecommunication industry
469250;model evaluation
469251;clustering algorithms
469252;image segmentation
469253;performance evaluation
469254;dataset
469255;air quality
469256;deep learning
469257;air pollution data
469258;meteorological data
469259;machine learning methods
469260;bayesian approach
469261;recommender systems
469262;uncertainty
469263;user preferences
469264;recommendation accuracy
469265;user-item interactions
469266;latent variables
469267;deep reinforcement learning algorithms
469268;continuous control tasks
469269;performance analysis
469270;traditional reinforcement learning methods
469271;fraudulent transactions
469272;machine learning approach
469273;transactional data
469274;performance comparison
469275;rule-based methods
469276;stock prices
469277;sentiment analysis
469278;financial news data
469279;time series forecasting methods
469280;renewable energy sources
469281;gis
469282;machine learning
469283;model performance evaluation
469284;electronic health records
469285;natural language processing
469286;relevant information extraction
469287;clinical dataset
469288;object detection
469289;satellite images
469290;deep learning approach
469291;computer vision methods
469292;customer satisfaction
469293;machine learning techniques
469294;cyberattacks detection
469295;time series
469296;statistical modeling
469297;statistics
469298;data science
469299;classification algorithms
469300;medical diagnosis
469301;large-scale medical dataset
469302;user engagement
469303;regression methods
469304;anomaly detection
469305;time series data
469306;recurrent neural networks
469307;statistical methods
469308;online customer reviews
469309;text mining
469310;product categories
469311;survey
469312;comparison
469313;strengths and weaknesses
469314;disease outbreaks
469315;social media data
469316;deep learning architectures
469317;image classification
469318;customer behavior
469319;market basket analysis
469320;large-scale retail dataset
469321;fault diagnosis
469322;industrial processes
469323;protein structure prediction
469324;computational methods
469325;user behavior
469326;online communities
469327;social network analysis
469328;credit card transactions
469329;housing prices
469330;multiple regression analysis
469331;online reviews
469332;nlp
469333;relational databases
469334;graph databases
469335;comparative study
469336;distributed database
469337;in-memory database
469338;real-time data processing
469339;network data
469340;probabilistic graphical models
469341;nosql databases
469342;big data analytics
469343;parallel databases
469344;query processing
469345;performance optimization
469346;internet of things
469347;scalability
469348;distributed databases
469349;framework
469350;hadoop
469351;query optimization
469352;graph model
469353;collaborative filtering
469354;sql
469355;nosql
469356;big data
469357;data warehouses
469358;cloud databases
469359;data partitioning
469360;document-oriented databases
469361;entity resolution
469362;mobile applications
469363;object-oriented databases
469364;data management
469365;spatial databases
469366;cloud infrastructure
469367;database
469368;benchmarking
469369;data modeling
469370;indexing
469371;query response time
469372;data structures
469373;data consistency
469374;concurrency control
469375;fault tolerance
469376;traditional databases
469377;data analytics
469378;database replication
469379;synchronization
469380;graph data
469381;large-scale data processing
469382;distributed computing
469383;graph partitioning
469384;key-value store
469385;web applications
469386;data access
469387;stream processing
469388;real-time data analytics
469389;multi-level indexing
469390;semantic web
469391;spatial data analysis
469392;geographic information systems
469393;data mining
469394;pattern recognition
469395;applications
469396;time-series data
469397;neural networks
469398;decision trees
469399;data integration
469400;heterogeneous data sources
469401;ontology
469402;rdf
469403;apache spark
469404;recommendation systems
469405;real-time analytics
469406;dynamic modeling
469407;data distribution
469408;high-dimensional data
469409;product quantization
469410;similarity search
469411;hashing
469412;large databases
469413;stream data management
469414;adaptive techniques
469415;multi-dimensional data
469416;efficiency
469417;text search
469418;inverted index
469419;big data management
469420;hierarchical indexing
469421;tree structure
469422;data indexing
469423;temporal data streams
469424;text analytics
469425;quantum computing
469426;cryptography
469427;quantum key distribution
469428;quantum entanglement
469429;information security
469430;neuroscience
469431;microbiome
469432;probiotics
469433;prebiotics
469434;health
469435;disease
469436;gene editing
469437;crispr-cas9
469438;ethics
469439;genetic engineering
469440;human genome
469441;hydropower
469442;energy policy
469443;public health
469444;gene therapy
469445;genetic disorders
469446;drug delivery
469447;machine translation
469448;speech recognition
469449;agriculture
469450;food security
469451;extreme weather
469452;global warming
469453;bias
469454;accountability
469455;transparency
469456;distributed systems
469457;in-memory technology
469458;cloud computing
469459;data querying
469460;data processing
469461;business intelligence
469462;data analysis
469463;data visualization
469464;data storage
469465;storage technologies
469466;big data processing
469467;streaming data
469468;big data security
469469;privacy
469470;data protection
469471;data breaches
469472;big data visualization
469473;information visualization
469474;data representation
469475;parallel computing
469476;healthcare
469477;big data integration
469478;etl
