paper_id;title;abstract;keywords;topic
1;Effects of Sleep Deprivation on Cognitive Function;This paper explores the effects of sleep deprivation on cognitive function focusing on attention working memory and decision making. The study found that sleep deprivation impairs these cognitive functions leading to reduced performance and increased risk-taking.;sleep, deprivation, cognitive function, attention, working, memory, decision making, performance;Psychology
2;The Role of Exercise in Managing Chronic Pain;This paper examines the role of exercise in managing chronic pain with a focus on its effects on pain perception and physical function. The study found that exercise can be an effective tool for reducing pain and improving physical function particularly for individuals with chronic conditions such as arthritis and fibromyalgia.;exercise, chronic pain, pain, perception, physical function, arthritis, fibromyalgia;Physical Therapy
3;Impact of Social Media on Adolescent Mental Health;This paper investigates the impact of social media on adolescent mental health focusing on the relationship between social media use and symptoms of anxiety and depression. The study found that excessive social media use is associated with increased risk of these mental health problems among adolescents.;social media, adolescent, mental health, anxiety, depression, excessive use;Psychiatry
4;Development of a Machine Learning Algorithm for Predicting Heart Disease;This paper describes the development of a machine learning algorithm for predicting heart disease using a dataset of patient characteristics and medical history. The study found that the algorithm achieved high accuracy in predicting the risk of heart disease indicating its potential for clinical use.;machine learning algorithm, heart disease, prediction, patient characteristics, medical history;Cardiology
5;Assessment of Greenhouse Gas Emissions from Urban Transportation;This paper assesses greenhouse gas emissions from urban transportation focusing on the contributions of different modes of transportation such as cars buses and trains. The study found that transportation is a significant contributor to greenhouse gas emissions in urban areas and suggests that policies promoting alternative modes of transportation could help reduce emissions.;greenhouse, gas emissions, urban transportation, cars, buses, trains, alternative modes policies;Environmental Science
6;Impact of Climate Change on Coral Reefs;This paper investigates the impact of climate change on coral reefs including the effects of warming waters and ocean acidification on coral health and biodiversity.;climate change, coral reefs, warming, waters, ocean acidification, biodiversity;Marine Biology
7;The Role of Microbes in Soil Health;This paper explores the role of microbes in soil health including their contributions to nutrient cycling soil structure and plant growth.;microbes, soil, health nutrient cycling, soil, structure, plant growth;Agriculture
8;Developing a Low-cost Water Filtration System for Rural Communities;This paper describes the development of a low-cost water filtration system for rural communities using locally available materials and simple technology.;water filtration, rural communities, low-cost, locally available materials, simple technology;Engineering
9;Investigating the Effects of Meditation on Stress and Anxiety;This paper investigates the effects of meditation on stress and anxiety including its potential for reducing symptoms and improving overall wellbeing.;meditation, stress, anxiety, symptoms, wellbeing;Psychology
10;Impact of Social Support on Recovery from Substance Use Disorders;This paper examines the impact of social support on recovery from substance use disorders including the role of family and community support in treatment outcomes.;social support, substance use, disorders recovery, family support, community support;Addiction Studies
11;Designing a Sustainable Packaging Solution for Food Delivery Services;This paper discusses the design of a sustainable packaging solution for food delivery services considering the environmental impact and usability of different materials.;sustainable packaging, food delivery, services, environmental impact, usability materials;Environmental Science
12;Exploring the Role of Genetics in Autism Spectrum Disorders;This paper explores the role of genetics in autism spectrum disorders including the identification of potential genetic markers and their implications for diagnosis and treatment.;genetics, autism, spectrum disorders, genetic markers, diagnosis treatment;Neuroscience
13;Comparing the Effectiveness of Different Pain Management Strategies;This paper compares the effectiveness of different pain management strategies including medication physical therapy and psychological interventions for various types of pain conditions.;pain management, medication, physical therapy, psychological interventions, pain conditions;Pain Management
14;Evaluating the Impact of Air Pollution on Human Health;This paper evaluates the impact of air pollution on human health including the effects of particulate matter and ozone on respiratory and cardiovascular systems and the associated economic costs.;air pollution, human health, particulate matter, ozone, respiratory system, cardiovascular system, economic costs;Public Health
15;Investigating the Potential of Renewable Energy Sources for Rural Electrification;This paper investigates the potential of renewable energy sources including solar wind and hydroelectric power for rural electrification in developing countries focusing on the technical and economic feasibility of these solutions.;renewable energy, rural electrification, solar power, wind power, hydroelectric power, developing countries, technical feasibility, economic feasibility;Renewable Energy Engineering
16;The Role of Artificial Intelligence in Healthcare;This paper explores the role of artificial intelligence (AI) in healthcare including its potential for improving diagnosis accuracy and treatment outcomes as well as the ethical considerations surrounding its use.;artificial intelligence, healthcare diagnosis, treatment outcomes, ethical considerations;Healthcare Technology
17;Investigating the Effects of Sleep Deprivation on Cognitive Performance;This paper investigates the effects of sleep deprivation on cognitive performance including attention memory and decision-making as well as the potential long-term consequences of chronic sleep deprivation.;sleep deprivation, cognitive performance, attention memory, decision-making, long-term consequences;Sleep Science
18;Examining the Relationship between Physical Activity and Mental Health;This paper examines the relationship between physical activity and mental health including the effects of exercise on mood anxiety and stress levels and the potential for physical activity as a treatment for mental health conditions.;physical activity, mental health, exercise, mood, anxiety, stress, treatment;Mental Health
19;Developing a Mobile App for Remote Patient Monitoring;This paper describes the development of a mobile app for remote patient monitoring including the features and functionalities of the app and its potential for improving patient outcomes and reducing healthcare costs.;mobile app, remote patient monitoring, features functionalities, patient outcomes, healthcare costs;Digital Health
20;Analyzing the Impact of Social Media on Body Image and Eating Behaviors;This paper analyzes the impact of social media on body image and eating behaviors including the effects of exposure to idealized images on self-esteem and the potential for social media as a platform for promoting positive body image.;social media, body image, eating behaviors, exposure, idealized images, self-esteem, positive body image;Social Psychology
21;Effects of High-Intensity Interval Training on Cardiovascular Health in Adults;This study examines the effects of a 12-week high-intensity interval training program on cardiovascular health in sedentary adults. The results suggest that this type of exercise may be an effective way to improve cardiovascular fitness and reduce the risk of cardiovascular disease.;exercise;cardiology
22;The Role of Gut Microbiota in Inflammatory Bowel Disease;This paper reviews the current understanding of the role of gut microbiota in the development and progression of inflammatory bowel disease. The findings suggest that dysbiosis of the gut microbiota may be a contributing factor to the pathogenesis of these conditions.;microbiota;gastroenterology
23;The Effectiveness of Cognitive Behavioral Therapy for Anxiety Disorders;This study evaluates the effectiveness of cognitive behavioral therapy for treating anxiety disorders in adults. The results suggest that this type of therapy may be a viable alternative to pharmacological interventions.;anxiety;psychiatry
24;The Relationship Between Sleep Apnea and Cardiovascular Disease;This paper reviews the current evidence on the relationship between sleep apnea and cardiovascular disease. The findings suggest that sleep apnea may be a risk factor for the development of cardiovascular disease.;sleep apnea;cardiology
25;The Use of Artificial Intelligence for Early Detection of Alzheimer's Disease;This study explores the use of artificial intelligence algorithms for early detection of Alzheimer's disease. The results suggest that these algorithms may be a valuable tool for predicting the onset of the disease in at-risk populations.;Alzheimer's disease;neurology
26;The Effectiveness of Mindfulness-Based Stress Reduction for Chronic Pain Management;This paper evaluates the effectiveness of mindfulness-based stress reduction for managing chronic pain. The results suggest that this type of therapy may be an effective adjunct to pharmacological interventions.;chronic pain;pain management
27;The Role of Nutrition in the Prevention of Chronic Diseases;This study examines the role of nutrition in the prevention of chronic diseases such as diabetes cardiovascular disease and cancer. The findings suggest that a healthy diet may be an effective way to reduce the risk of these conditions.;nutrition;prevention
28;The Efficacy of Physical Therapy for Treating Osteoarthritis;This paper reviews the current evidence on the efficacy of physical therapy for treating osteoarthritis. The findings suggest that physical therapy may be an effective way to manage the symptoms of this condition.;osteoarthritis;orthopedics
29;The Relationship Between Depression and Cardiovascular Disease;This study investigates the relationship between depression and cardiovascular disease. The results suggest that depression may be a risk factor for the development of cardiovascular disease.;depression;cardiology
30;The Use of Telemedicine for Remote Monitoring of Chronic Diseases;This paper explores the use of telemedicine for remote monitoring of chronic diseases such as diabetes and hypertension. The findings suggest that this technology may be an effective way to manage these conditions in remote or underserved areas.;telemedicine;remote monitoring
31;The Role of Exercise in the Prevention of Chronic Diseases;This study examines the role of exercise in the prevention of chronic diseases such as diabetes cardiovascular disease and cancer. The results suggest that regular exercise may be an effective way to reduce the risk of these conditions.;exercise;prevention
32;The Effectiveness of Mindfulness-Based Cognitive Therapy for Treating Depression;This paper evaluates the effectiveness of mindfulness-based cognitive therapy for treating depression in adults. The results suggest that this type of therapy may be an effective alternative to pharmacological interventions.;depression;psychiatry
33;The Effectiveness of Yoga for Managing Chronic Pain;This study evaluates the effectiveness of yoga for managing chronic pain. The results suggest that this type of therapy may be an effective way to improve quality of life and reduce pain in individuals with chronic pain conditions.;yoga;chronic pain
34;The Relationship Between Vitamin D and Bone Health;This paper reviews the current evidence on the relationship between vitamin D and bone health. The findings suggest that getting adequate amounts of vitamin D is important for maintaining strong bones and reducing the risk of osteoporosis.;vitamin D;endocrinology
35;The Use of Telemedicine for Chronic Disease Management;This study examines the use of telemedicine for managing chronic diseases such as diabetes and hypertension. The results suggest that this technology may be an effective way to improve patient outcomes and reduce healthcare costs.;telemedicine;chronic disease management
36;The Role of Exercise in the Management of Chronic Obstructive Pulmonary Disease (COPD);This paper reviews the current evidence on the role of exercise in the management of COPD. The findings suggest that exercise training can improve symptoms and quality of life in individuals with COPD.;COPD;respiratory medicine
37;The Relationship Between Stress and Cardiovascular Health;This study investigates the relationship between stress and cardiovascular health. The results suggest that chronic stress may be a risk factor for the development of cardiovascular disease and stress management techniques may be helpful for reducing this risk.;stress;cardiology
38;The Use of Mindfulness-Based Interventions for Treating Chronic Pain;This paper explores the use of mindfulness-based interventions for managing chronic pain. The findings suggest that these interventions may be an effective way to reduce pain and improve quality of life in individuals with chronic pain conditions.;mindfulness;chronic pain
39;The Role of Genetic Testing in Personalized Medicine;This paper explores the role of genetic testing in personalized medicine. The findings suggest that genetic testing can provide valuable information for tailoring medical treatments to individual patients.;genetic testing;personalized medicine
40;The Relationship Between Nutrition and Cardiovascular Health;This study investigates the relationship between nutrition and cardiovascular health. The results suggest that a healthy diet can significantly reduce the risk of developing cardiovascular disease.;nutrition;cardiology
41;The Use of Virtual Reality for Pain Management in Children;This paper explores the use of virtual reality technology for managing pain in children. The findings suggest that this technology may be an effective way to reduce pain and anxiety in pediatric patients undergoing medical procedures.;virtual reality;pain management
42;The Effectiveness of Cognitive Behavioral Therapy for Depression;This study evaluates the effectiveness of cognitive behavioral therapy for treating depression. The results suggest that this type of therapy may be an effective alternative to pharmacological interventions for mild to moderate depression.;depression;psychiatry
43;The Role of Exercise in the Prevention of Alzheimer's Disease;This paper reviews the current evidence on the role of exercise in the prevention of Alzheimer's disease. The findings suggest that regular exercise may be an effective way to reduce the risk of developing this condition.;Alzheimer's disease;neurology
44;The Relationship Between Sleep and Cardiovascular Health;This study investigates the relationship between sleep and cardiovascular health. The results suggest that getting adequate sleep is important for maintaining cardiovascular health and reducing the risk of developing cardiovascular disease.;sleep;cardiology
45;The Use of Augmented Reality for Medical Education;This paper explores the use of augmented reality technology for medical education. The findings suggest that this technology may be an effective tool for enhancing medical education and training.;augmented reality;medical education
46;Exploring the Link between Gut Microbiota and Autoimmune Diseases;This paper explores the link between gut microbiota and autoimmune diseases including the role of microbial dysbiosis in disease pathogenesis and the potential for microbiome-targeted therapies.;gut microbiota, autoimmune diseases, microbial dysbiosis disease, pathogenesis, microbiome-targeted therapies;Microbiology
47;Evaluating the Effectiveness of Online Education for K-12 Students;This paper evaluates the effectiveness of online education for K-12 students including the impact on academic achievement student engagement and teacher workload and the potential for online education to address educational inequality.;online education, academic achievement, student engagement, teacher workload, educational inequality;Education Technology
48;Investigating the Effects of Climate Change on Biodiversity;This paper investigates the effects of climate change on biodiversity including the impacts of rising temperatures changes in precipitation patterns and habitat loss on plant and animal populations and the potential for conservation strategies to mitigate these effects.;climate change, biodiversity, rising temperatures, precipitation patterns, habitat loss, plant and animal populations, conservation strategies;Environmental Science
49;Developing a Predictive Model for Credit Risk Assessment;This paper describes the development of a predictive model for credit risk assessment including the selection of relevant features model training and validation and the potential for the model to improve loan approval accuracy and reduce default rates.;predictive model, credit risk assessment, model training, loan approval, accuracy default rates;Finance
50;Analyzing the Impact of Social Support on Health Outcomes in Older Adults;This paper analyzes the impact of social support on health outcomes in older adults including the effects of social isolation and loneliness on physical and mental health and the potential for social support interventions to improve health outcomes and quality of life.;social support, health outcomes, older adults, social isolation, loneliness, physical health, mental health, quality of life;Gerontology
51;Investigating the Potential of Blockchain for Supply Chain Management;This paper investigates the potential of blockchain technology for supply chain management including the benefits of increased transparency security and efficiency and the challenges associated with implementation and adoption.;blockchain, supply chain, management transparency, security efficiency implementation;Business Technology
52;Assessing the Impact of Culture on Cross-Cultural Communication in International Business;This paper assesses the impact of culture on cross-cultural communication in international business including the role of cultural dimensions in communication styles and strategies and the potential for cultural intelligence training to improve communication effectiveness.;culture, cross-cultural communication, international business, cultural dimensions, communication styles, communication strategies, cultural intelligence training;Cross-Cultural Studies
53;Exploring the Potential of Genome Editing for Agricultural Biotechnology;This paper explores the potential of genome editing technologies including CRISPR/Cas9 for agricultural biotechnology including the development of disease-resistant crops the enhancement of nutritional value and the reduction of environmental impact.;genome editing, agricultural biotechnology, disease-resistant, crops, nutritional value, environmental impact;Agricultural Science
54;Analyzing the Effects of Music Therapy on Pain Management;This paper analyzes the effects of music therapy on pain management including the physiological and psychological mechanisms of action and the potential for music as an adjunctive therapy for pain conditions.;music therapy, pain management, physiological mechanisms, adjunctive therapy, pain conditions;Pain Management
55;Investigating the Impacts of Ocean Acidification on Coral Reefs;This paper investigates the impacts of ocean acidification on coral reefs including the effects of declining pH levels on coral calcification growth and survival and the potential for coral adaptation and management strategies to mitigate these effects.;ocean acidification, coral reefs, pH levels, coral calcification, coral growth, coral survival, adaptation management strategies;Marine Biology
56;Exploring the Potential of Artificial Intelligence for Cybersecurity;This paper explores the potential of artificial intelligence for cybersecurity including the application of machine learning algorithms for threat detection and response and the challenges associated with AI implementation in security systems.;artificial intelligence, cybersecurity, machine learning algorithms, threat detection, threat response, implementation challenges, security systems;Computer Science
57;Evaluating the Effectiveness of Cognitive Behavioral Therapy for Anxiety Disorders;This paper evaluates the effectiveness of cognitive behavioral therapy for anxiety disorders including the mechanisms of action and the potential for CBT to improve symptom severity and quality of life in individuals with anxiety disorders.;cognitive behavioral, therapy anxiety disorders, mechanisms of action, symptom severity, quality of life;Clinical Psychology
58;Investigating the Link between Sleep and Memory Consolidation;This paper investigates the link between sleep and memory consolidation including the role of different stages of sleep in memory processing and the potential for sleep interventions to enhance memory consolidation in individuals with memory impairments.;sleep memory consolidation, different stages of sleep, memory processing, sleep interventions, memory impairments;Neuroscience
59;Analyzing the Impacts of Advertising on Consumer Behavior;This paper analyzes the impacts of advertising on consumer behavior including the effects of different advertising strategies on consumer attitudes perceptions and purchase intentions and the potential for advertising regulation to protect vulnerable consumers.;advertising, consumer behavior, advertising strategies, consumer attitudes, consumer perceptions, purchase intentions, advertising regulation, vulnerable consumers;Marketing
60;Investigating the Effects of Air Pollution on Respiratory Health;This paper investigates the effects of air pollution on respiratory health including the mechanisms of action and the potential for air quality interventions to reduce the burden of respiratory diseases.;air pollution, respiratory health, mechanisms of action, air quality interventions, respiratory diseases;Public Health
61;Exploring the Role of MicroRNAs in Cancer Progression;This paper explores the role of microRNAs in cancer progression including the effects of miRNA dysregulation on cell proliferation invasion and metastasis and the potential for miRNA-based therapies for cancer treatment.;microRNAs cancer, progression miRNA, dysregulation cell, proliferation invasion, metastasis, miRNA-based therapies, cancer treatment;Cancer Research
62;Evaluating the Impact of Corporate Social Responsibility on Business Performance;This paper evaluates the impact of corporate social responsibility on business performance including the effects of CSR activities on financial performance employee satisfaction and customer loyalty and the potential for CSR to enhance brand reputation and long-term sustainability.;corporate social responsibility, business performance, CSR activities, financial performance, employee satisfaction, customer loyalty, brand reputation, long-term sustainability;Business Management
63;Investigating the Relationship between Physical Activity and Cognitive Functioning in Older Adults;This paper investigates the relationship between physical activity and cognitive functioning in older adults including the effects of exercise on brain structure and function and the potential for physical activity interventions to improve cognitive performance in aging populations.;physical activity, cognitive functioning, older adults exercise, brain structure, brain function, physical activity interventions, cognitive performance, aging populations;Aging Studies
64;Exploring the Potential of 3D Printing in Architecture;This paper explores the potential of 3D printing in architecture including the application of additive manufacturing techniques for building construction and the challenges associated with incorporating 3D printing into traditional construction processes.;3D printing architecture, additive manufacturing, building construction, construction processes;Architecture
65;Analyzing the Impacts of Climate Change on Global Food Security;This paper analyzes the impacts of climate change on global food security including the effects of changing weather patterns on crop yields and food availability and the potential for adaptation and mitigation strategies to improve food security in vulnerable populations.;climate change, global food security, weather patterns, crop yields, food availability, adaptation strategies, mitigation strategies, vulnerable populations;Environmental Science
66;Evaluating the Effectiveness of Mindfulness-Based Interventions for Stress Reduction;This paper evaluates the effectiveness of mindfulness-based interventions for stress reduction including the mechanisms of action and the potential for MBIs to improve mental and physical health outcomes in individuals experiencing stress and stress-related disorders.;mindfulness-based interventions, stress reduction, mechanisms of action, mental health, physical health, stress-related disorders;Clinical Psychology
67;Investigating the Link between Genetic Variations and Risk of Alzheimer's Disease;This paper investigates the link between genetic variations and risk of Alzheimer's disease including the effects of genetic risk factors on brain structure and function and the potential for personalized medicine approaches to Alzheimer's disease prevention and treatment.;genetic variations, Alzheimer's disease, genetic risk factors, brain structure, brain function, personalized medicine, prevention treatment;Neuroscience
68;Analyzing the Impacts of Social Media on Mental Health;This paper analyzes the impacts of social media on mental health including the effects of social media use on mood self-esteem and body image and the potential for social media literacy and regulation to promote healthy social media behaviors.;social media, mental health, social media use mood, self-esteem, body image, social media literacy regulation, healthy behaviors;Psychology
69;Investigating the Effects of Early Childhood Education on Academic Achievement;This paper investigates the effects of early childhood education on academic achievement including the cognitive and social benefits of early childhood education programs and the potential for ECE interventions to reduce achievement gaps in disadvantaged populations.;early childhood education, academic achievement, cognitive benefits, social benefits, ECE interventions, achievement gaps, disadvantaged populations;Education
70;Predicting Customer Churn in Telecommunication Industry Using Machine Learning;This paper explores the use of machine learning algorithms to predict customer churn in the telecommunication industry and evaluates the performance of different models.;customer churn, telecommunication industry, machine learning algorithms, model evaluation;Data Science
71;A Comparative Study of Clustering Algorithms for Image Segmentation;This paper presents a comparative study of clustering algorithms for image segmentation and evaluates their performance on various datasets.;clustering algorithms, image segmentation, performance evaluation, dataset;Computer Vision
72;Predicting Air Quality using Deep Learning;This paper proposes a deep learning approach for predicting air quality based on historical air pollution data and meteorological data, and compares its performance with traditional machine learning methods.;air quality, deep learning, air pollution data, meteorological data, machine learning methods;Environmental Science
73;A Bayesian Approach to Recommender Systems;This paper proposes a Bayesian approach to recommender systems, which takes into account uncertainty in user preferences and improves recommendation accuracy by modeling user-item interactions as latent variables.;Bayesian approach, recommender systems, uncertainty, user preferences, recommendation accuracy, user-item interactions, latent variables;Machine Learning
74;Analyzing the Performance of Deep Reinforcement Learning Algorithms in Continuous Control Tasks;This paper analyzes the performance of deep reinforcement learning algorithms in continuous control tasks and compares their performance with traditional reinforcement learning methods.;deep reinforcement learning algorithms, continuous control tasks, performance analysis, traditional reinforcement learning methods;Artificial Intelligence
75;Detecting Fraudulent Transactions using Machine Learning;This paper proposes a machine learning approach for detecting fraudulent transactions based on transactional data and compares its performance with traditional rule-based methods.;fraudulent transactions, machine learning approach, transactional data, performance comparison, rule-based methods;Data Science
76;Predicting Stock Prices using Sentiment Analysis of Financial News;This paper proposes a sentiment analysis-based approach for predicting stock prices using financial news data and compares its performance with traditional time series forecasting methods.;stock prices, sentiment analysis, financial news data, performance comparison, time series forecasting methods;Finance
77;Identifying the Best Locations for Renewable Energy Sources using GIS and Machine Learning;This paper proposes a GIS and machine learning-based approach for identifying the best locations for renewable energy sources and evaluates the performance of different models.;renewable energy sources, GIS, machine learning, model performance evaluation;Environmental Science
78;Extracting Relevant Information from Electronic Health Records using Natural Language Processing;This paper proposes a natural language processing-based approach for extracting relevant information from electronic health records and evaluates its performance on a large-scale clinical dataset.;electronic health records, natural language processing, relevant information extraction, clinical dataset;Healthcare
79;A Deep Learning Approach to Object Detection in Satellite Images;This paper proposes a deep learning approach for object detection in satellite images and compares its performance with traditional computer vision methods.;object detection, satellite images, deep learning approach, performance comparison, computer vision methods;Computer Vision
80;Analyzing the Relationship between Customer Satisfaction and Business Performance using Machine Learning;This paper analyzes the relationship between customer satisfaction and business performance using machine learning techniques and evaluates the performance of different models.;customer satisfaction, business performance, machine learning techniques, model performance evaluation;Data Science
81;Enhancing Cybersecurity using Machine Learning;This paper proposes a machine learning-based approach for enhancing cybersecurity by detecting and preventing cyberattacks, and evaluates its performance on various datasets.;cybersecurity, machine learning, cyberattacks detection, performance evaluation, dataset;Cybersecurity
82;Predicting Traffic Congestion using Time Series Analysis;This paper proposes a time series analysis-based approach for predicting traffic congestion.;time series, statistical modeling, statistics, machine learning, data science;Data Science
83;A Comparative Study of Classification Algorithms for Medical Diagnosis;This paper presents a comparative study of classification algorithms for medical diagnosis and evaluates their performance on a large-scale medical dataset.;classification algorithms, medical diagnosis, performance evaluation, large-scale medical dataset;Healthcare
84;Predicting User Engagement in Social Media using Machine Learning;This paper proposes a machine learning-based approach for predicting user engagement in social media and compares its performance with traditional regression methods.;user engagement, social media, machine learning approach, performance comparison, regression methods;Data Science
85;Anomaly Detection in Time Series Data using Recurrent Neural Networks;This paper proposes a recurrent neural network-based approach for anomaly detection in time series data and compares its performance with traditional statistical methods.;anomaly detection, time series data, recurrent neural networks, performance comparison, statistical methods;Artificial Intelligence
86;Analyzing Online Customer Reviews using Text Mining;This paper presents a text mining-based approach for analyzing online customer reviews and evaluates its performance on various product categories.;online customer reviews, text mining, performance evaluation, product categories;Data Science
87;A Survey of Machine Learning Techniques for Natural Language Processing;This paper presents a comprehensive survey of machine learning techniques for natural language processing and provides a comparison of their strengths and weaknesses.;machine learning techniques, natural language processing, survey, comparison, strengths and weaknesses;Natural Language Processing
88;Predicting Disease Outbreaks using Social Media Data;This paper proposes a social media data-based approach for predicting disease outbreaks and evaluates its performance on various datasets.;disease outbreaks, social media data, performance evaluation, dataset;Healthcare
89;A Comparative Study of Deep Learning Architectures for Image Classification;This paper presents a comparative study of deep learning architectures for image classification and evaluates their performance on various datasets.;deep learning architectures, image classification, performance evaluation, dataset;Computer Vision
90;Analyzing Customer Behavior using Market Basket Analysis;This paper presents a market basket analysis-based approach for analyzing customer behavior and evaluates its performance on a large-scale retail dataset.;customer behavior, market basket analysis, performance evaluation, large-scale retail dataset;Data Science
91;A Machine Learning Approach to Fault Diagnosis in Industrial Processes;This paper proposes a machine learning-based approach for fault diagnosis in industrial processes and compares its performance with traditional rule-based methods.;fault diagnosis, industrial processes, machine learning approach, performance comparison, rule-based methods;Artificial Intelligence
92;Predicting Protein Structure using Deep Learning;This paper proposes a deep learning-based approach for predicting protein structure and compares its performance with traditional computational methods.;protein structure prediction, deep learning approach, performance comparison, computational methods;Bioinformatics
93;Analyzing User Behavior in Online Communities using Social Network Analysis;This paper presents a social network analysis-based approach for analyzing user behavior in online communities and evaluates its performance on various datasets.;user behavior, online communities, social network analysis, performance evaluation, dataset;Data Science
94;Anomaly Detection in Credit Card Transactions using Machine Learning;This paper proposes a machine learning-based approach for anomaly detection in credit card transactions and compares its performance with traditional rule-based methods.;anomaly detection, credit card transactions, machine learning approach, performance comparison, rule-based methods;Finance
95;Predicting Housing Prices using Multiple Regression Analysis;This paper proposes a multiple regression analysis-based approach for predicting housing prices and compares its performance with traditional time series forecasting methods.;housing prices, multiple regression analysis, performance comparison, time series forecasting methods;Data Science
96;Analyzing Sentiment in Online Reviews using Deep Learning;This paper presents a deep learning-based approach for analyzing sentiment in online reviews and evaluates its performance on various datasets.;sentiment analysis, online reviews, deep learning, nlp, natural language processing;Data Science
97;A Comparative Study of Traditional and Graph Databases;This paper presents a comparative study of traditional relational databases and graph databases.;Relational databases, Graph databases, Comparative study;Database systems
98;A Distributed In-Memory Database for Real-time Data Processing;This paper proposes a distributed in-memory database for real-time data processing.;Distributed database, In-memory database, Real-time data processing;Database systems
99;Anomaly Detection in Network Data using Probabilistic Graphical Models;This paper presents a method for anomaly detection in network data using probabilistic graphical models.;Anomaly detection, Network data, Probabilistic graphical models;Database systems
100;A Survey of NoSQL Databases for Big Data Analytics;This paper presents a survey of NoSQL databases for big data analytics.;NoSQL databases, Big data analytics, Survey;Database systems
101;Efficient Query Processing in Parallel Databases;This paper proposes a method for efficient query processing in parallel databases.;Parallel databases, Query processing, Performance optimization;Database systems
102;A Scalable Distributed Database for Internet of Things Applications;This paper proposes a scalable distributed database for Internet of Things applications.;Distributed database, Internet of Things, Scalability;Database systems
103;A Framework for Building Blockchain-based Distributed Databases;This paper presents a framework for building blockchain-based distributed databases.;Blockchain, Distributed databases, Framework;Database systems
104;Query Optimization in Hadoop-based Distributed Databases;This paper proposes a method for query optimization in Hadoop-based distributed databases.;Hadoop, Query optimization, Distributed databases;Database systems
105;A Graph-based Model for Recommender Systems;This paper presents a graph-based model for recommender systems.;Recommender systems, Graph model, Collaborative filtering;Database systems
106;A Comparative Study of SQL and NoSQL Databases;This paper presents a comparative study of SQL and NoSQL databases.;SQL, NoSQL, Comparative study;Database systems
107;A Hybrid Approach for Processing Big Data using Relational and NoSQL Databases;This paper proposes a hybrid approach for processing big data using both relational and NoSQL databases.;Big data, Relational databases, NoSQL databases;Database systems
108;A Framework for Building Data Warehouses using Cloud-based Databases;This paper presents a framework for building data warehouses using cloud-based databases.;Data warehouses, Cloud databases, Framework;Database systems
109;Efficient Data Partitioning in Distributed Databases using Machine Learning;This paper proposes a method for efficient data partitioning in distributed databases using machine learning.;Distributed databases, Data partitioning, Machine learning;Database systems
110;A Comparative Study of Document-oriented Databases;This paper presents a comparative study of document-oriented databases.;Document-oriented databases, Comparative study;Database systems
111;A Graph-based Model for Entity Resolution in Big Data;This paper presents a graph-based model for entity resolution in big data.;Entity resolution, Graph model, Big data;Database systems
112;A Survey of Cloud Databases for Mobile Applications;This paper presents a survey of cloud databases for mobile applications.;Cloud databases, Mobile applications, Survey;Database systems
113;A Comparison of Relational and Object-oriented Databases;This paper presents a comparison of relational and object-oriented databases.;Relational databases, Object-oriented databases, Comparative study;Database systems
114;An Efficient Distributed Database for Internet of Things Data Management;This paper proposes an efficient distributed database for Internet of Things data management.;Distributed database, Internet of Things, Data management;Database systems
115;A Framework for Building Spatial Databases using Cloud-based Infrastructure;This paper presents a framework for building spatial databases using cloud-based infrastructure.;Spatial databases, cloud infrastructure, database;Database systems
116;An Evaluation of Graph Databases for Social Network Analysis;This paper evaluates the performance of graph databases for social network analysis tasks.;graph databases, social network analysis, performance evaluation, benchmarking, data modeling;Data Engineering
117;An Efficient Indexing Scheme for Spatial Databases;This paper proposes an efficient indexing scheme for spatial databases that reduces the query response time.;spatial databases, indexing, query response time, performance evaluation, data structures;Data Management
118;Data Consistency Models in Distributed Databases;This paper presents an overview of different data consistency models used in distributed databases and their impact on system performance.;distributed databases, data consistency, concurrency control, performance evaluation, fault tolerance;Data Management
119;A Comparison of Traditional and NoSQL Databases for Large-scale Data Analytics;This paper compares the performance of traditional and NoSQL databases for large-scale data analytics tasks.;NoSQL databases, traditional databases, data analytics, performance evaluation, benchmarking;Data Management
120;A Survey of Database Replication Techniques;This paper surveys various database replication techniques used to improve system performance, availability, and fault tolerance.;database replication, fault tolerance, performance evaluation, data consistency, synchronization;Data Management
121;A Scalable Approach to Processing Large-scale Graph Data;This paper proposes a scalable approach to processing large-scale graph data using distributed computing and graph partitioning techniques.;graph data, large-scale data processing, distributed computing, graph partitioning, performance evaluation;Data Management
122;Design and Implementation of a Key-value Store for Web Applications;This paper presents the design and implementation of a key-value store for web applications that provides fast and reliable data access.;key-value store, web applications, data access, performance evaluation, data consistency;Data Management
123;A Survey of Stream Processing Systems for Real-time Data Analytics;This paper surveys various stream processing systems used for real-time data analytics and compares their performance and features.;stream processing, real-time data analytics, performance evaluation, fault tolerance, scalability;Data Management
124;Query Processing in Graph Databases Using Multi-level Indexing;This paper proposes a multi-level indexing technique for improving query processing in graph databases.;graph databases, query processing, multi-level indexing, performance evaluation, data modeling;Data Management
125;A Comparative Study of Relational and Graph Databases for Semantic Web Applications;This paper compares the performance of relational and graph databases for storing and querying semantic web data.;semantic web, relational databases, graph databases, performance evaluation, data modeling;Data Management
126;A Survey of Spatial Data Analysis Techniques in Geographic Information Systems;This paper surveys various spatial data analysis techniques used in geographic information systems and their applications in different domains.;spatial data analysis, geographic information systems, data mining, pattern recognition, applications;Data Management
127;Anomaly Detection in Time-series Data Using Machine Learning Techniques;This paper proposes an anomaly detection method for time-series data using machine learning techniques such as neural networks and decision trees.;anomaly detection, time-series data, machine learning, neural networks, decision trees;Data Management
128;Data Integration in Heterogeneous Data Sources Using Semantic Web Technologies;This paper presents a data integration approach that uses semantic web technologies to unify data from different heterogeneous sources.;data integration, semantic web, heterogeneous data sources, ontology, RDF;Data Management
129;A Survey of Data Mining Techniques for Social Media Analysis;This paper surveys various data mining techniques used for social media analysis and their applications in different domains.;data mining, social media, text mining, sentiment analysis, applications;Data Management
130;Scalable Graph Data Processing Using Apache Spark;This paper proposes a scalable approach to processing large-scale graph data using Apache Spark and graph partitioning techniques.;graph data, large-scale data processing, Apache Spark, graph partitioning, performance evaluation;Data Management
131;Modeling User Preferences for Item-Based Recommendation;In this paper, we propose a new approach for modeling user preferences in item-based recommendation systems using a deep neural network.;recommendation systems, deep learning, user preferences;data modeling
132;A Study of Indexing Techniques for Time Series Data;This paper presents a comprehensive study of various indexing techniques for time series data and evaluates their performance on real-world datasets.;time series data, indexing, performance evaluation;data modeling
133;Dynamic Data Modeling for Real-time Analytics;We propose a novel dynamic data modeling approach for real-time analytics that automatically adapts to changes in data distribution and minimizes query response time.;real-time analytics, dynamic modeling, data distribution;data modeling
134;Efficient Indexing of High-Dimensional Data using Product Quantization;In this paper, we present a new technique for indexing high-dimensional data using product quantization that achieves high accuracy and reduces storage and search costs.;high-dimensional data, indexing, product quantization;data modeling
135;A Survey of Data Modeling Techniques for NoSQL Databases;This paper presents a comprehensive survey of various data modeling techniques for NoSQL databases, including key-value stores, document databases, and column-family stores.;data modeling, NoSQL databases, survey;data modeling
136;Fast Similarity Search in Large Databases using Hashing Techniques;We propose a new hashing-based technique for efficient similarity search in large databases that achieves high accuracy and reduces search time and memory requirements.;similarity search, hashing, large databases;indexing
137;An Adaptive Data Indexing Technique for Stream Data Management;This paper presents an adaptive indexing technique for managing stream data that automatically adjusts to changes in data distribution and minimizes query response time.;stream data management, indexing, adaptive techniques;data modeling
138;A Comparative Study of Indexing Techniques for Graph Databases;We present a comparative study of various indexing techniques for graph databases and evaluate their performance on real-world datasets.;graph databases, indexing, performance evaluation;data modeling
139;Efficient Data Indexing Techniques for Multi-dimensional Data;In this paper, we propose a new technique for indexing multi-dimensional data that achieves high accuracy and reduces storage and search costs.;multi-dimensional data, indexing, efficiency;data modeling
140;An Inverted Index-based Technique for Efficient Text Search in Large Databases;We propose a new inverted index-based technique for efficient text search in large databases that achieves high accuracy and reduces search time and memory requirements.;text search, inverted index, large databases;indexing
141;A Hierarchical Data Indexing Technique for Big Data Management;We propose a new hierarchical indexing technique for managing big data that organizes data into a tree structure and reduces search time and memory requirements.;big data management, hierarchical indexing, tree structure;data modeling
142;A Survey of Data Indexing Techniques for Spatial Databases;This paper presents a survey of various data indexing techniques for spatial databases, including R-trees, quad-trees, and k-d trees, and evaluates their performance on real-world datasets.;data indexing, spatial databases, survey;data modeling
143;An Efficient Indexing Technique for Temporal Data Streams;We propose an efficient indexing technique for managing temporal data streams that reduces search time and memory requirements and adapts to changes in data distribution.;temporal data streams, indexing, efficiency;data modeling
144;A Study of Inverted Index-based Techniques for Text Analytics;This paper presents a comprehensive study of various inverted index-based techniques for text analytics and evaluates their performance on real-world datasets.;text analytics, inverted index, performance evaluation;indexing
145;Quantum computing and cryptography;This paper explores the potential applications of quantum computing in cryptography and the challenges that must be overcome to achieve secure quantum communications.;quantum computing, cryptography, big data, quantum key distribution, quantum entanglement, information security;Computer Science
146;The effects of sleep deprivation on cognitive function;This paper reviews the research on how lack of sleep affects cognitive performance, including memory, attention, and decision-making.;sleep deprivation, big data, cognitive function, memory, attention, decision-making, neuroscience;Psychology
147;The role of gut microbiota in health and disease;This paper discusses the importance of the microbial communities that inhabit the human gut and their impact on overall health and disease.;gut microbiota, microbiome, big data, probiotics, prebiotics, health, disease;Biology
148;The ethics of gene editing;This paper explores the ethical implications of using gene editing technologies like CRISPR-Cas9 to modify the human genome, including issues of safety, equity, and consent.;gene editing, CRISPR-Cas9, ethics, genetic engineering, human genome;Bioethics
149;The history and future of renewable energy;This paper provides an overview of the development of renewable energy technologies, their current state of deployment, and their potential for meeting future energy demands.;renewable energy, solar power, wind power, hydropower, energy policy;Energy Science
150;The impact of social media on mental health;This paper examines the relationship between social media use and mental health outcomes, including depression, anxiety, and social isolation, and discusses potential interventions to mitigate negative effects.;social media, big data, mental health, depression, anxiety, social isolation, public health;Sociology
151;The promise and challenges of CRISPR-based gene therapies;This paper discusses the potential of CRISPR-Cas9 as a tool for gene therapy, including its applications for treating genetic disorders and the challenges of achieving safe and effective delivery of CRISPR components to target cells.;CRISPR-Cas9, gene therapy, genetic disorders, genome editing, drug delivery;Medical Science
152;The role of AI in natural language processing;This paper explores the potential of artificial intelligence to process and analyze human language, including applications in machine translation, speech recognition, and sentiment analysis.;natural language processing, artificial intelligence, big data, machine translation, speech recognition, sentiment analysis;Computer Science
153;The impact of climate change on agriculture;This paper reviews the research on how rising temperatures, changing precipitation patterns, and extreme weather events are affecting agricultural productivity and food security.;climate change, agriculture, big data, food security, extreme weather, global warming;Environmental Science
154;The ethics of artificial intelligence;This paper examines the ethical implications of developing and deploying AI systems, including issues of bias, accountability, and transparency.;artificial intelligence, big data, ethics, bias, accountability, transparency;Ethics
155;Efficient Distributed Query Processing using In-Memory Technology;We propose a distributed query processing system that utilizes in-memory technology to provide high performance processing of large datasets.;distributed systems, query processing, in-memory technology, performance optimization;Data Processing
156;Accelerating Query Performance in Big Data Processing using Cloud Computing;We present a framework that leverages cloud computing to accelerate query performance in big data processing.;big data, query processing, cloud computing, performance optimization;Data Processing
157;A Comparative Study of Data Querying Techniques for Heterogeneous Datasets;We evaluate and compare various data querying techniques for heterogeneous datasets, including keyword-based search, semantic search, and natural language processing.; data querying, data processing, natural language processing, nlp, data science;Data Querying
158;Big Data Analytics for Business Intelligence;This paper explores the use of big data analytics for business intelligence and presents a framework for analyzing and visualizing large-scale business data sets.;Big data analytics, Business intelligence, Data analysis, Data visualization;Business Analytics
159;Big Data Management and Processing in the Cloud;This paper presents a cloud-based architecture for managing and processing large-scale data sets in big data applications.;Big data, Cloud computing, Data storage, Data management, Data processing;Cloud Computing
160;Storage Technologies for Big Data Applications;This paper explores various storage technologies that can be used for managing and processing big data.;Big data, Data storage, Storage technologies, Data management, Data processing;Data Storage
161;A Survey of Big Data Analytics Techniques;This paper provides an overview of various big data analytics techniques and their applications.;Big data analytics, Data processing, Machine learning, Data mining;Data Analytics
162;Scalable Distributed Systems for Big Data Processing;This paper proposes a scalable distributed system architecture for processing large-scale data sets.;Big data processing, Distributed systems, Scalability, Hadoop;Data Processing
163;Real-time Analytics for Big Data Applications;This paper presents a real-time analytics framework for processing streaming data in big data applications.;Big data, Real-time analytics, data storage, Streaming data, Data processing;Data Analytics
164;Big Data Security and Privacy Issues;This paper discusses various security and privacy issues associated with big data and proposes measures to address them.;Big data security, Privacy, Data protection, Data breaches;Data Security
165;Cloud-based Big Data Storage and Processing;This paper explores the use of cloud computing for storing and processing big data and presents a cloud-based architecture for managing large-scale data sets.;Big data, Cloud computing, Data management, Data processing;Cloud Computing
166;Big Data Visualization Techniques;This paper provides an overview of various visualization techniques that can be used for representing and analyzing big data.;Big data visualization, Data analysis, Information visualization, Data representation;Data Visualization
167;Parallel Computing for Big Data Processing;This paper proposes a parallel computing framework for processing large-scale data sets in a distributed environment.;Big data processing, Parallel computing, Distributed systems, Hadoop;Data Processing
168;Big Data Applications in Healthcare;This paper explores the applications of big data in healthcare and discusses the challenges associated with managing and analyzing large-scale healthcare data sets.;Big data, Healthcare, Data management, Data analysis;Healthcare Analytics
169;Big Data Integration and ETL Techniques;This paper discusses various data integration and ETL techniques that can be used for integrating and processing large-scale data sets in big data applications.;Big data integration, ETL, Data processing, Data management;Data Integration